date,platform,channel_id,title,total_views,subscribers
2026-06-09,YouTube,UC8Fm-ogvMehvbgF0BJjKiuQ,DramaFeverTV,145806,495
2026-06-09,YouTube,UC77WdDKy6cbCxZkC46eaudA,Drama addict,2660686,6500
2026-06-09,YouTube,UCy_zcQwyTyQG6bpwfpHfffw,pkmovie3,3319,18
2026-06-09,YouTube,UC80LfoIH6FrzHTm6lXTWCKQ,DramaStory,467460,1770
2026-06-09,Dailymotion,x3tfxr4,ReelShort Romance Shorts,1284675,3490
2026-06-09,Dailymotion,x3tgq5g,The Rabbit Hole TV,213445,682
2026-06-09,Dailymotion,x3tgqdc,ReelShort Drama Bombshell,151415,428
2026-06-09,Dailymotion,x3tgqpa,Reel Short Flick Frenzy,83844,319
2026-06-09,Dailymotion,x3tgrdw,Reel Drama Dose,341541,935
2026-06-09,Dailymotion,x45tgp8,ReelShort English Shorts,20731,1185
2026-06-09,Dailymotion,x45tkva,ReelShort Fantasy Shorts,600150,1678
2026-06-09,Dailymotion,x45tobw,ReelShort Sweet Shorts,642,82
2026-06-09,Dailymotion,x4c7qxk,ReelShortDaily,103,10
2026-06-09,Dailymotion,x4c7saw,ReelShort_Drama_Hub,53,10
2026-06-09,Dailymotion,x4c7srk,ReelShort_Drama_Show,32,4
2026-06-09,Dailymotion,x4c7syo,ReelShort_Drama_Buzz,4,6
2026-06-09,Dailymotion,x4c7t3q,ReelShort_Drama_Clips,3,7
2026-06-09,Dailymotion,x3tgots,ReelShort Love Shorts,401067,866
2026-06-09,Dailymotion,x3tgs5s,FilmBox Channel,209284,355
2026-06-09,Dailymotion,x3tgtae,Easy Shorts,483430,669
2026-06-09,Dailymotion,x3tgrnq,ReelShort Drama Shorts,1169094,3090
2026-06-09,Dailymotion,x4c7r9u,love-shortdrama,80,0
2026-06-09,Dailymotion,x4c7ro4,babygirllovesshortdrama,65,0
2026-06-09,Dailymotion,x4c7sre,dailyshortdrama,32,0
2026-06-09,Dailymotion,x4c7qhk,drama lover girl,0,0
2026-06-09,Dailymotion,x4g6uv8,ReelShort Story Shorts,1648,27
2026-06-09,Dailymotion,x4g735i,ReelShort Movie Shorts,25278,418
2026-06-09,Dailymotion,x4kmjg6,Daily Reelshort,1219,22
2026-06-09,Dailymotion,x4k7s0s,ReelShort_GlancePlay,56,5
2026-06-09,Dailymotion,x4j6cxg,Camara Romance Shorts,0,14
2026-06-09,Dailymotion,x4klm7q,ReelShort Romance Shows,20074,206
2026-06-09,Dailymotion,x4klqy0,ReelShort Hot Drama Hub,366108,1209
2026-06-09,Dailymotion,x4kpgc4,Reelshort First Love Shorts,0,14
2026-06-09,Dailymotion,x4jaytw,Reel Romance Swipe,33972,108
2026-06-09,Dailymotion,x4ks0k4,Reel Raw Vibe,31145,60
2026-06-09,Dailymotion,x4ks4yi,ReelShort Spicy Shorts,0,12
2026-06-09,Dailymotion,x4krkfk,ReelShort Intense Stories,1743,48
2026-06-09,Dailymotion,x4ko26y,ReelShort Drama Collection,51403,276
2026-06-09,Dailymotion,x4oad9u,ReelShort Drama Spotlight,101926,328
2026-06-09,Dailymotion,x4ksw2e,DramaMagic,57332,76
2026-06-09,Dailymotion,x4kt5f6,Drama Reels,80198,680
2026-06-09,Dailymotion,x4ku6nw,ReelShort Drama Studio,359085,826
2026-06-09,Dailymotion,x4kvw02,Ugoeze ReelShort Drama,97,10
2026-06-09,Dailymotion,x4kj6r0,ReelShort TV,390562,1077
2026-06-09,Dailymotion,x3xvhc6,ReelShort Romance Videos,279599,874
2026-06-09,Dailymotion,x4kfmg6,ReelShort Drama Movies,4166,338
2026-06-10,YouTube,UC8Fm-ogvMehvbgF0BJjKiuQ,DramaFeverTV,163856,537
2026-06-10,YouTube,UC77WdDKy6cbCxZkC46eaudA,Drama addict,2719492,6620
2026-06-10,YouTube,UCy_zcQwyTyQG6bpwfpHfffw,pkmovie3,3319,18
2026-06-10,YouTube,UC80LfoIH6FrzHTm6lXTWCKQ,DramaStory,536490,1970
2026-06-10,Dailymotion,x3tfxr4,ReelShort Romance Shorts,1291928,3511
2026-06-10,Dailymotion,x3tgq5g,The Rabbit Hole TV,244845,742
2026-06-10,Dailymotion,x3tgqdc,ReelShort Drama Bombshell,151563,429
2026-06-10,Dailymotion,x3tgqpa,Reel Short Flick Frenzy,84893,319
2026-06-10,Dailymotion,x3tgrdw,Reel Drama Dose,347041,943
2026-06-10,Dailymotion,x45tgp8,ReelShort English Shorts,21204,1192
2026-06-10,Dailymotion,x45tkva,ReelShort Fantasy Shorts,628455,1702
2026-06-10,Dailymotion,x45tobw,ReelShort Sweet Shorts,653,82
2026-06-10,Dailymotion,x4c7qxk,ReelShortDaily,103,10
2026-06-10,Dailymotion,x4c7saw,ReelShort_Drama_Hub,53,10
2026-06-10,Dailymotion,x4c7srk,ReelShort_Drama_Show,32,4
2026-06-10,Dailymotion,x4c7syo,ReelShort_Drama_Buzz,4,6
2026-06-10,Dailymotion,x4c7t3q,ReelShort_Drama_Clips,3,7
2026-06-10,Dailymotion,x3tgots,ReelShort Love Shorts,408682,880
2026-06-10,Dailymotion,x3tgs5s,FilmBox Channel,226092,383
2026-06-10,Dailymotion,x3tgtae,Easy Shorts,489219,678
2026-06-10,Dailymotion,x3tgrnq,ReelShort Drama Shorts,1192603,3139
2026-06-10,Dailymotion,x4c7r9u,love-shortdrama,88,0
2026-06-10,Dailymotion,x4c7ro4,babygirllovesshortdrama,65,0
2026-06-10,Dailymotion,x4c7sre,dailyshortdrama,32,0
2026-06-10,Dailymotion,x4c7qhk,drama lover girl,0,0
2026-06-10,Dailymotion,x4g6uv8,ReelShort Story Shorts,1809,27
2026-06-10,Dailymotion,x4g735i,ReelShort Movie Shorts,33678,441
2026-06-10,Dailymotion,x4kmjg6,Daily Reelshort,1235,22
2026-06-10,Dailymotion,x4k7s0s,ReelShort_GlancePlay,56,6
2026-06-10,Dailymotion,x4j6cxg,Camara Romance Shorts,0,14
2026-06-10,Dailymotion,x4klm7q,ReelShort Romance Shows,21030,213
2026-06-10,Dailymotion,x4klqy0,ReelShort Hot Drama Hub,381393,1239
2026-06-10,Dailymotion,x4kpgc4,Reelshort First Love Shorts,0,14
2026-06-10,Dailymotion,x4jaytw,Reel Romance Swipe,35211,113
2026-06-10,Dailymotion,x4ks0k4,Reel Raw Vibe,37258,67
2026-06-10,Dailymotion,x4ks4yi,ReelShort Spicy Shorts,0,12
2026-06-10,Dailymotion,x4krkfk,ReelShort Intense Stories,1777,49
2026-06-10,Dailymotion,x4ko26y,ReelShort Drama Collection,57336,322
2026-06-10,Dailymotion,x4oad9u,ReelShort Drama Spotlight,122515,355
2026-06-10,Dailymotion,x4ksw2e,DramaMagic,57836,78
2026-06-10,Dailymotion,x4kt5f6,Drama Reels,84517,700
2026-06-10,Dailymotion,x4ku6nw,ReelShort Drama Studio,374326,856
2026-06-10,Dailymotion,x4kvw02,Ugoeze ReelShort Drama,97,10
2026-06-10,Dailymotion,x4kj6r0,ReelShort TV,399908,1097
2026-06-10,Dailymotion,x3xvhc6,ReelShort Romance Videos,289784,910
2026-06-10,Dailymotion,x4kfmg6,ReelShort Drama Movies,4272,341
2026-06-11,YouTube,UCAkSxwl8Lbk2hBXAAfsEFTA,Victor Drama,393914,1570
2026-06-11,YouTube,UCctSzoeee7KCnR84dZ6IO7w,Maple Playhouse,115095,414
2026-06-11,YouTube,UC82nFsZOjs5Tr96upPPq9Ww,Spur Reels,0,0
2026-06-11,YouTube,UCnwjt6PgkKuZC4S1A0yTOFQ,DramaWithBestie,2091347,6990
2026-06-11,YouTube,UCHONLLEtQ4f9yoqa1BWlhSg,QuickFixDrama,2037708,2830
2026-06-11,YouTube,UC8Fm-ogvMehvbgF0BJjKiuQ,DramaFeverTV,170024,577
2026-06-11,YouTube,UCxfDVRNK6SoN59v_t3ZJ33A,dramabook,955364,3490
2026-06-11,YouTube,UCdtOFTQ1GVPKzvOYsi1ApIw,Pocket Movie,992416,2900
2026-06-11,YouTube,UCSlOhfr5f-RPRP50yRri1uA,Pocket Story,0,1
2026-06-11,YouTube,UC2IjY1Gm6b7pYp-vMJ2R9ig,SceneClip,4915195,14400
2026-06-11,YouTube,UC77WdDKy6cbCxZkC46eaudA,Drama addict,2749059,6720
2026-06-11,YouTube,UChhBhc7qJ42rgzAIPe9z6Cg,LittleDrama,1415559,4010
2026-06-11,YouTube,UC80LfoIH6FrzHTm6lXTWCKQ,DramaStory,571455,2140
2026-06-11,YouTube,UC49-b-BhbYoG54YNkwmzg8w,HotReel,0,0
2026-06-11,YouTube,UCIg97fCjw1HnS8vPqwiHLGA,Drama Nook,6867668,18300
2026-06-11,YouTube,UCm3RYOItKT_P0-oRCkkSMZw,The Drama Club,3330906,10600
2026-06-11,YouTube,UCL_RZ1IidYQkVQxfimfnPSQ,This Plot Got Me,1318411,5790
2026-06-11,YouTube,UCMGKZD9ggu_Pfo4dkL47cXQ,Dreamy Drama TV,400878,1490
2026-06-11,YouTube,UCEFB0gMdnD1NyiZaedHg2hQ,HeyDramaTV,401978,1110
2026-06-11,YouTube,UC0GVHmLgrxE2SS8F0C19JVg,Pocket Swoon,2209776,6200
2026-06-11,YouTube,UCZem4a64VnhfA4CBw9vM2bg,Swoon Bites,993799,4250
2026-06-11,YouTube,UCxxl4xdZZqRSSz2VfnFBhwA,DramaBitesTV,2629212,28300
2026-06-11,YouTube,UCsbnInDepLdq6o781WVZ-5g,Dark Swoon,1542374,4610
2026-06-11,YouTube,UCf3lAEw_WPtcgHMUVAunzSw,Pocket Crush,4355295,10800
2026-06-11,Dailymotion,x3tfxr4,ReelShort Romance Shorts,1296980,3527
2026-06-11,Dailymotion,x3tgq5g,The Rabbit Hole TV,272773,796
2026-06-11,Dailymotion,x3tgqdc,ReelShort Drama Bombshell,154169,436
2026-06-11,Dailymotion,x3tgqpa,Reel Short Flick Frenzy,85964,323
2026-06-11,Dailymotion,x3tgrdw,Reel Drama Dose,349602,956
2026-06-11,Dailymotion,x45tgp8,ReelShort English Shorts,21650,1195
2026-06-11,Dailymotion,x45tkva,ReelShort Fantasy Shorts,647019,1727
2026-06-11,Dailymotion,x45tobw,ReelShort Sweet Shorts,663,82
2026-06-11,Dailymotion,x4c7qxk,ReelShortDaily,103,10
2026-06-11,Dailymotion,x4c7saw,ReelShort_Drama_Hub,53,10
2026-06-11,Dailymotion,x4c7srk,ReelShort_Drama_Show,32,4
2026-06-11,Dailymotion,x4c7syo,ReelShort_Drama_Buzz,4,6
2026-06-11,Dailymotion,x4c7t3q,ReelShort_Drama_Clips,3,7
2026-06-11,Dailymotion,x3tgots,ReelShort Love Shorts,425615,906
2026-06-11,Dailymotion,x3tgs5s,FilmBox Channel,237116,401
2026-06-11,Dailymotion,x3tgtae,Easy Shorts,500110,691
2026-06-11,Dailymotion,x3tgrnq,ReelShort Drama Shorts,1212170,3184
2026-06-11,Dailymotion,x4c7r9u,love-shortdrama,88,0
2026-06-11,Dailymotion,x4c7ro4,babygirllovesshortdrama,65,0
2026-06-11,Dailymotion,x4c7sre,dailyshortdrama,32,0
2026-06-11,Dailymotion,x4c7qhk,drama lover girl,0,0
2026-06-11,Dailymotion,x4g6uv8,ReelShort Story Shorts,1985,30
2026-06-11,Dailymotion,x4g735i,ReelShort Movie Shorts,34519,445
2026-06-11,Dailymotion,x4kmjg6,Daily Reelshort,1245,22
2026-06-11,Dailymotion,x4k7s0s,ReelShort_GlancePlay,56,7
2026-06-11,Dailymotion,x4j6cxg,Camara Romance Shorts,0,14
2026-06-11,Dailymotion,x4klm7q,ReelShort Romance Shows,22288,217
2026-06-11,Dailymotion,x4klqy0,ReelShort Hot Drama Hub,392185,1265
2026-06-11,Dailymotion,x4kpgc4,Reelshort First Love Shorts,0,14
2026-06-11,Dailymotion,x4jaytw,Reel Romance Swipe,35994,115
2026-06-11,Dailymotion,x4ks0k4,Reel Raw Vibe,40432,77
2026-06-11,Dailymotion,x4ks4yi,ReelShort Spicy Shorts,0,12
2026-06-11,Dailymotion,x4krkfk,ReelShort Intense Stories,1792,49
2026-06-11,Dailymotion,x4ko26y,ReelShort Drama Collection,61531,357
2026-06-11,Dailymotion,x4oad9u,ReelShort Drama Spotlight,137363,380
2026-06-11,Dailymotion,x4ksw2e,DramaMagic,58181,82
2026-06-11,Dailymotion,x4kt5f6,Drama Reels,88214,715
2026-06-11,Dailymotion,x4ku6nw,ReelShort Drama Studio,383246,874
2026-06-11,Dailymotion,x4kvw02,Ugoeze ReelShort Drama,97,10
2026-06-11,Dailymotion,x4kj6r0,ReelShort TV,407230,1130
2026-06-11,Dailymotion,x3xvhc6,ReelShort Romance Videos,297644,934
2026-06-11,Dailymotion,x4kfmg6,ReelShort Drama Movies,4348,345
2026-06-12,YouTube,UCAkSxwl8Lbk2hBXAAfsEFTA,Victor Drama,419553,1690
2026-06-12,YouTube,UCctSzoeee7KCnR84dZ6IO7w,Maple Playhouse,134381,463
2026-06-12,YouTube,UC82nFsZOjs5Tr96upPPq9Ww,Spur Reels,1,0
2026-06-12,YouTube,UCnwjt6PgkKuZC4S1A0yTOFQ,DramaWithBestie,2143772,7130
2026-06-12,YouTube,UCHONLLEtQ4f9yoqa1BWlhSg,QuickFixDrama,2105502,2910
2026-06-12,YouTube,UC8Fm-ogvMehvbgF0BJjKiuQ,DramaFeverTV,182213,606
2026-06-12,YouTube,UCxfDVRNK6SoN59v_t3ZJ33A,dramabook,985655,3550
2026-06-12,YouTube,UCdtOFTQ1GVPKzvOYsi1ApIw,Pocket Movie,1029414,3010
2026-06-12,YouTube,UCSlOhfr5f-RPRP50yRri1uA,Pocket Story,2,1
2026-06-12,YouTube,UC2IjY1Gm6b7pYp-vMJ2R9ig,SceneClip,4961145,14600
2026-06-12,YouTube,UC77WdDKy6cbCxZkC46eaudA,Drama addict,2792786,6810
2026-06-12,YouTube,UChhBhc7qJ42rgzAIPe9z6Cg,LittleDrama,1430620,4050
2026-06-12,YouTube,UC80LfoIH6FrzHTm6lXTWCKQ,DramaStory,633321,2300
2026-06-12,YouTube,UC49-b-BhbYoG54YNkwmzg8w,HotReel,0,0
2026-06-12,YouTube,UCIg97fCjw1HnS8vPqwiHLGA,Drama Nook,6888453,18300
2026-06-12,YouTube,UCm3RYOItKT_P0-oRCkkSMZw,The Drama Club,3424417,10900
2026-06-12,YouTube,UCL_RZ1IidYQkVQxfimfnPSQ,This Plot Got Me,1126166,5950
2026-06-12,YouTube,UCMGKZD9ggu_Pfo4dkL47cXQ,Dreamy Drama TV,414525,1600
2026-06-12,YouTube,UCEFB0gMdnD1NyiZaedHg2hQ,HeyDramaTV,466060,1260
2026-06-12,YouTube,UC0GVHmLgrxE2SS8F0C19JVg,Pocket Swoon,2243537,6270
2026-06-12,YouTube,UCZem4a64VnhfA4CBw9vM2bg,Swoon Bites,1072589,4410
2026-06-12,YouTube,UCxxl4xdZZqRSSz2VfnFBhwA,DramaBitesTV,2643653,28400
2026-06-12,YouTube,UCsbnInDepLdq6o781WVZ-5g,Dark Swoon,1558197,4660
2026-06-12,YouTube,UCf3lAEw_WPtcgHMUVAunzSw,Pocket Crush,4412029,10900
2026-06-12,YouTube,UCP4STX85lq_fpEtvQcq_5fw,I Found This Drama,9883113,30300
2026-06-12,YouTube,UCk2O5vfW3c_W5YWQ_BoD1Ug,Drama Found Me,14115844,42600
2026-06-12,Dailymotion,x3tfxr4,ReelShort Romance Shorts,1300455,3541
2026-06-12,Dailymotion,x3tgq5g,The Rabbit Hole TV,290731,831
2026-06-12,Dailymotion,x3tgqdc,ReelShort Drama Bombshell,158432,440
2026-06-12,Dailymotion,x3tgqpa,Reel Short Flick Frenzy,87852,329
2026-06-12,Dailymotion,x3tgrdw,Reel Drama Dose,351305,959
2026-06-12,Dailymotion,x45tgp8,ReelShort English Shorts,22053,1197
2026-06-12,Dailymotion,x45tkva,ReelShort Fantasy Shorts,658478,1751
2026-06-12,Dailymotion,x45tobw,ReelShort Sweet Shorts,680,83
2026-06-12,Dailymotion,x4c7qxk,ReelShortDaily,103,10
2026-06-12,Dailymotion,x4c7saw,ReelShort_Drama_Hub,53,10
2026-06-12,Dailymotion,x4c7srk,ReelShort_Drama_Show,32,4
2026-06-12,Dailymotion,x4c7syo,ReelShort_Drama_Buzz,4,6
2026-06-12,Dailymotion,x4c7t3q,ReelShort_Drama_Clips,3,7
2026-06-12,Dailymotion,x3tgots,ReelShort Love Shorts,457060,940
2026-06-12,Dailymotion,x3tgs5s,FilmBox Channel,252122,415
2026-06-12,Dailymotion,x3tgtae,Easy Shorts,507592,699
2026-06-12,Dailymotion,x3tgrnq,ReelShort Drama Shorts,1230246,3225
2026-06-12,Dailymotion,x4c7r9u,love-shortdrama,88,0
2026-06-12,Dailymotion,x4c7ro4,babygirllovesshortdrama,65,0
2026-06-12,Dailymotion,x4c7sre,dailyshortdrama,32,0
2026-06-12,Dailymotion,x4c7qhk,drama lover girl,0,0
2026-06-12,Dailymotion,x4g6uv8,ReelShort Story Shorts,2180,32
2026-06-12,Dailymotion,x4g735i,ReelShort Movie Shorts,35405,449
2026-06-12,Dailymotion,x4kmjg6,Daily Reelshort,1256,22
2026-06-12,Dailymotion,x4k7s0s,ReelShort_GlancePlay,57,8
2026-06-12,Dailymotion,x4j6cxg,Camara Romance Shorts,0,14
2026-06-12,Dailymotion,x4klm7q,ReelShort Romance Shows,23162,223
2026-06-12,Dailymotion,x4klqy0,ReelShort Hot Drama Hub,399487,1290
2026-06-12,Dailymotion,x4kpgc4,Reelshort First Love Shorts,0,14
2026-06-12,Dailymotion,x4jaytw,Reel Romance Swipe,36641,117
2026-06-12,Dailymotion,x4ks0k4,Reel Raw Vibe,43528,79
2026-06-12,Dailymotion,x4ks4yi,ReelShort Spicy Shorts,0,12
2026-06-12,Dailymotion,x4krkfk,ReelShort Intense Stories,1812,50
2026-06-12,Dailymotion,x4ko26y,ReelShort Drama Collection,67051,392
2026-06-12,Dailymotion,x4oad9u,ReelShort Drama Spotlight,150464,405
2026-06-12,Dailymotion,x4ksw2e,DramaMagic,58466,84
2026-06-12,Dailymotion,x4kt5f6,Drama Reels,92071,732
2026-06-12,Dailymotion,x4ku6nw,ReelShort Drama Studio,388438,883
2026-06-12,Dailymotion,x4kvw02,Ugoeze ReelShort Drama,97,10
2026-06-12,Dailymotion,x4kj6r0,ReelShort TV,413678,1155
2026-06-12,Dailymotion,x3xvhc6,ReelShort Romance Videos,303315,948
2026-06-12,Dailymotion,x4kfmg6,ReelShort Drama Movies,4431,349
2026-06-13,YouTube,UCAkSxwl8Lbk2hBXAAfsEFTA,Victor Drama,441344,1770
2026-06-13,YouTube,UCctSzoeee7KCnR84dZ6IO7w,Maple Playhouse,141146,510
2026-06-13,YouTube,UC82nFsZOjs5Tr96upPPq9Ww,Spur Reels,1094,1
2026-06-13,YouTube,UCnwjt6PgkKuZC4S1A0yTOFQ,DramaWithBestie,2181969,7240
2026-06-13,YouTube,UCHONLLEtQ4f9yoqa1BWlhSg,QuickFixDrama,2146009,2970
2026-06-13,YouTube,UC8Fm-ogvMehvbgF0BJjKiuQ,DramaFeverTV,191000,632
2026-06-13,YouTube,UCxfDVRNK6SoN59v_t3ZJ33A,dramabook,1005201,3620
2026-06-13,YouTube,UCdtOFTQ1GVPKzvOYsi1ApIw,Pocket Movie,1056835,3120
2026-06-13,YouTube,UCSlOhfr5f-RPRP50yRri1uA,Pocket Story,2,1
2026-06-13,YouTube,UC2IjY1Gm6b7pYp-vMJ2R9ig,SceneClip,5002179,14700
2026-06-13,YouTube,UC77WdDKy6cbCxZkC46eaudA,Drama addict,2823937,6870
2026-06-13,YouTube,UChhBhc7qJ42rgzAIPe9z6Cg,LittleDrama,1439629,4070
2026-06-13,YouTube,UC80LfoIH6FrzHTm6lXTWCKQ,DramaStory,658939,2460
2026-06-13,YouTube,UC49-b-BhbYoG54YNkwmzg8w,HotReel,0,0
2026-06-13,YouTube,UCIg97fCjw1HnS8vPqwiHLGA,Drama Nook,6902004,18400
2026-06-13,YouTube,UCm3RYOItKT_P0-oRCkkSMZw,The Drama Club,3496011,11200
2026-06-13,YouTube,UCL_RZ1IidYQkVQxfimfnPSQ,This Plot Got Me,1401540,6110
2026-06-13,YouTube,UCMGKZD9ggu_Pfo4dkL47cXQ,Dreamy Drama TV,468082,1730
2026-06-13,YouTube,UCEFB0gMdnD1NyiZaedHg2hQ,HeyDramaTV,508105,1320
2026-06-13,YouTube,UC0GVHmLgrxE2SS8F0C19JVg,Pocket Swoon,2254012,6340
2026-06-13,YouTube,UCZem4a64VnhfA4CBw9vM2bg,Swoon Bites,1113196,4540
2026-06-13,YouTube,UCxxl4xdZZqRSSz2VfnFBhwA,DramaBitesTV,2652468,28400
2026-06-13,YouTube,UCsbnInDepLdq6o781WVZ-5g,Dark Swoon,1570406,4720
2026-06-13,YouTube,UCf3lAEw_WPtcgHMUVAunzSw,Pocket Crush,4456605,11100
2026-06-13,YouTube,UCP4STX85lq_fpEtvQcq_5fw,I Found This Drama,9950440,30500
2026-06-13,YouTube,UCk2O5vfW3c_W5YWQ_BoD1Ug,Drama Found Me,14762198,44000
2026-06-13,Dailymotion,x3tfxr4,ReelShort Romance Shorts,1304260,3548
2026-06-13,Dailymotion,x3tgq5g,The Rabbit Hole TV,304525,877
2026-06-13,Dailymotion,x3tgqdc,ReelShort Drama Bombshell,164212,451
2026-06-13,Dailymotion,x3tgqpa,Reel Short Flick Frenzy,89511,333
2026-06-13,Dailymotion,x3tgrdw,Reel Drama Dose,353242,966
2026-06-13,Dailymotion,x45tgp8,ReelShort English Shorts,22499,1199
2026-06-13,Dailymotion,x45tkva,ReelShort Fantasy Shorts,671161,1769
2026-06-13,Dailymotion,x45tobw,ReelShort Sweet Shorts,815,84
2026-06-13,Dailymotion,x4c7qxk,ReelShortDaily,103,10
2026-06-13,Dailymotion,x4c7saw,ReelShort_Drama_Hub,53,10
2026-06-13,Dailymotion,x4c7srk,ReelShort_Drama_Show,32,4
2026-06-13,Dailymotion,x4c7syo,ReelShort_Drama_Buzz,4,6
2026-06-13,Dailymotion,x4c7t3q,ReelShort_Drama_Clips,3,7
2026-06-13,Dailymotion,x3tgots,ReelShort Love Shorts,477303,969
2026-06-13,Dailymotion,x3tgs5s,FilmBox Channel,300748,443
2026-06-13,Dailymotion,x3tgtae,Easy Shorts,500610,703
2026-06-13,Dailymotion,x3tgrnq,ReelShort Drama Shorts,1249574,3269
2026-06-13,Dailymotion,x4c7r9u,love-shortdrama,88,0
2026-06-13,Dailymotion,x4c7ro4,babygirllovesshortdrama,65,0
2026-06-13,Dailymotion,x4c7sre,dailyshortdrama,32,0
2026-06-13,Dailymotion,x4c7qhk,drama lover girl,0,0
2026-06-13,Dailymotion,x4g6uv8,ReelShort Story Shorts,2317,31
2026-06-13,Dailymotion,x4g735i,ReelShort Movie Shorts,56848,453
2026-06-13,Dailymotion,x4kmjg6,Daily Reelshort,1267,22
2026-06-13,Dailymotion,x4k7s0s,ReelShort_GlancePlay,57,7
2026-06-13,Dailymotion,x4j6cxg,Camara Romance Shorts,0,14
2026-06-13,Dailymotion,x4klm7q,ReelShort Romance Shows,23655,229
2026-06-13,Dailymotion,x4klqy0,ReelShort Hot Drama Hub,406519,1310
2026-06-13,Dailymotion,x4kpgc4,Reelshort First Love Shorts,0,14
2026-06-13,Dailymotion,x4jaytw,Reel Romance Swipe,37449,119
2026-06-13,Dailymotion,x4ks0k4,Reel Raw Vibe,47748,83
2026-06-13,Dailymotion,x4ks4yi,ReelShort Spicy Shorts,0,12
2026-06-13,Dailymotion,x4krkfk,ReelShort Intense Stories,1853,50
2026-06-13,Dailymotion,x4ko26y,ReelShort Drama Collection,73573,427
2026-06-13,Dailymotion,x4oad9u,ReelShort Drama Spotlight,163935,421
2026-06-13,Dailymotion,x4ksw2e,DramaMagic,58767,84
2026-06-13,Dailymotion,x4kt5f6,Drama Reels,96787,745
2026-06-13,Dailymotion,x4ku6nw,ReelShort Drama Studio,397370,900
2026-06-13,Dailymotion,x4kvw02,Ugoeze ReelShort Drama,97,10
2026-06-13,Dailymotion,x4kj6r0,ReelShort TV,421965,1179
2026-06-13,Dailymotion,x3xvhc6,ReelShort Romance Videos,307916,966
2026-06-13,Dailymotion,x4kfmg6,ReelShort Drama Movies,4558,355
2026-06-14,YouTube,UCAkSxwl8Lbk2hBXAAfsEFTA,Victor Drama,452465,1850
2026-06-14,YouTube,UCctSzoeee7KCnR84dZ6IO7w,Maple Playhouse,154886,550
2026-06-14,YouTube,UC82nFsZOjs5Tr96upPPq9Ww,Spur Reels,1337,1
2026-06-14,YouTube,UCnwjt6PgkKuZC4S1A0yTOFQ,DramaWithBestie,2232171,7380
2026-06-14,YouTube,UCHONLLEtQ4f9yoqa1BWlhSg,QuickFixDrama,2196746,3030
2026-06-14,YouTube,UC8Fm-ogvMehvbgF0BJjKiuQ,DramaFeverTV,196063,666
2026-06-14,YouTube,UCxfDVRNK6SoN59v_t3ZJ33A,dramabook,1027644,3690
2026-06-14,YouTube,UCdtOFTQ1GVPKzvOYsi1ApIw,Pocket Movie,1091011,3240
2026-06-14,YouTube,UCSlOhfr5f-RPRP50yRri1uA,Pocket Story,5,2
2026-06-14,YouTube,UC2IjY1Gm6b7pYp-vMJ2R9ig,SceneClip,5051104,14800
2026-06-14,YouTube,UC77WdDKy6cbCxZkC46eaudA,Drama addict,2852710,6940
2026-06-14,YouTube,UChhBhc7qJ42rgzAIPe9z6Cg,LittleDrama,1445775,4090
2026-06-14,YouTube,UC80LfoIH6FrzHTm6lXTWCKQ,DramaStory,706526,2570
2026-06-14,YouTube,UC49-b-BhbYoG54YNkwmzg8w,HotReel,0,0
2026-06-14,YouTube,UCIg97fCjw1HnS8vPqwiHLGA,Drama Nook,6915077,18400
2026-06-14,YouTube,UCm3RYOItKT_P0-oRCkkSMZw,The Drama Club,3525642,11500
2026-06-14,YouTube,UCL_RZ1IidYQkVQxfimfnPSQ,This Plot Got Me,1537669,6280
2026-06-14,YouTube,UCMGKZD9ggu_Pfo4dkL47cXQ,Dreamy Drama TV,525692,1850
2026-06-14,YouTube,UCEFB0gMdnD1NyiZaedHg2hQ,HeyDramaTV,539896,1400
2026-06-14,YouTube,UC0GVHmLgrxE2SS8F0C19JVg,Pocket Swoon,2279952,6390
2026-06-14,YouTube,UCZem4a64VnhfA4CBw9vM2bg,Swoon Bites,1150878,4640
2026-06-14,YouTube,UCxxl4xdZZqRSSz2VfnFBhwA,DramaBitesTV,2661271,28400
2026-06-14,YouTube,UCsbnInDepLdq6o781WVZ-5g,Dark Swoon,1582644,4770
2026-06-14,YouTube,UCf3lAEw_WPtcgHMUVAunzSw,Pocket Crush,4486321,11300
2026-06-14,YouTube,UCP4STX85lq_fpEtvQcq_5fw,I Found This Drama,9986696,30600
2026-06-14,YouTube,UCk2O5vfW3c_W5YWQ_BoD1Ug,Drama Found Me,15411521,45300
2026-06-14,Dailymotion,x3tfxr4,ReelShort Romance Shorts,1306120,3556
2026-06-14,Dailymotion,x3tgq5g,The Rabbit Hole TV,314378,907
2026-06-14,Dailymotion,x3tgqdc,ReelShort Drama Bombshell,168135,460
2026-06-14,Dailymotion,x3tgqpa,Reel Short Flick Frenzy,90484,342
2026-06-14,Dailymotion,x3tgrdw,Reel Drama Dose,355018,975
2026-06-14,Dailymotion,x45tgp8,ReelShort English Shorts,22789,1202
2026-06-14,Dailymotion,x45tkva,ReelShort Fantasy Shorts,679349,1776
2026-06-14,Dailymotion,x45tobw,ReelShort Sweet Shorts,861,86
2026-06-14,Dailymotion,x4c7qxk,ReelShortDaily,103,10
2026-06-14,Dailymotion,x4c7saw,ReelShort_Drama_Hub,53,10
2026-06-14,Dailymotion,x4c7srk,ReelShort_Drama_Show,32,4
2026-06-14,Dailymotion,x4c7syo,ReelShort_Drama_Buzz,4,6
2026-06-14,Dailymotion,x4c7t3q,ReelShort_Drama_Clips,3,7
2026-06-14,Dailymotion,x3tgots,ReelShort Love Shorts,483798,979
2026-06-14,Dailymotion,x3tgs5s,FilmBox Channel,358976,492
2026-06-14,Dailymotion,x3tgtae,Easy Shorts,503003,708
2026-06-14,Dailymotion,x3tgrnq,ReelShort Drama Shorts,1262586,3324
2026-06-14,Dailymotion,x4c7r9u,love-shortdrama,89,0
2026-06-14,Dailymotion,x4c7ro4,babygirllovesshortdrama,65,0
2026-06-14,Dailymotion,x4c7sre,dailyshortdrama,32,0
2026-06-14,Dailymotion,x4c7qhk,drama lover girl,0,0
2026-06-14,Dailymotion,x4g6uv8,ReelShort Story Shorts,2401,32
2026-06-14,Dailymotion,x4g735i,ReelShort Movie Shorts,74541,464
2026-06-14,Dailymotion,x4kmjg6,Daily Reelshort,1280,22
2026-06-14,Dailymotion,x4k7s0s,ReelShort_GlancePlay,58,7
2026-06-14,Dailymotion,x4j6cxg,Camara Romance Shorts,0,14
2026-06-14,Dailymotion,x4klm7q,ReelShort Romance Shows,24142,234
2026-06-14,Dailymotion,x4klqy0,ReelShort Hot Drama Hub,414623,1333
2026-06-14,Dailymotion,x4kpgc4,Reelshort First Love Shorts,0,14
2026-06-14,Dailymotion,x4jaytw,Reel Romance Swipe,38166,121
2026-06-14,Dailymotion,x4ks0k4,Reel Raw Vibe,52459,91
2026-06-14,Dailymotion,x4ks4yi,ReelShort Spicy Shorts,0,12
2026-06-14,Dailymotion,x4krkfk,ReelShort Intense Stories,1881,50
2026-06-14,Dailymotion,x4ko26y,ReelShort Drama Collection,79135,457
2026-06-14,Dailymotion,x4oad9u,ReelShort Drama Spotlight,171825,435
2026-06-14,Dailymotion,x4ksw2e,DramaMagic,59092,84
2026-06-14,Dailymotion,x4kt5f6,Drama Reels,100692,773
2026-06-14,Dailymotion,x4ku6nw,ReelShort Drama Studio,403938,912
2026-06-14,Dailymotion,x4kvw02,Ugoeze ReelShort Drama,97,10
2026-06-14,Dailymotion,x4kj6r0,ReelShort TV,429344,1207
2026-06-14,Dailymotion,x3xvhc6,ReelShort Romance Videos,313019,979
2026-06-14,Dailymotion,x4kfmg6,ReelShort Drama Movies,4690,356
2026-06-15,YouTube,UCAkSxwl8Lbk2hBXAAfsEFTA,Victor Drama,477419,1960
2026-06-15,YouTube,UCctSzoeee7KCnR84dZ6IO7w,Maple Playhouse,167219,585
2026-06-15,YouTube,UC82nFsZOjs5Tr96upPPq9Ww,Spur Reels,2344,2
2026-06-15,YouTube,UCnwjt6PgkKuZC4S1A0yTOFQ,DramaWithBestie,2273368,7560
2026-06-15,YouTube,UCHONLLEtQ4f9yoqa1BWlhSg,QuickFixDrama,2241071,3110
2026-06-15,YouTube,UC8Fm-ogvMehvbgF0BJjKiuQ,DramaFeverTV,205439,685
2026-06-15,YouTube,UCxfDVRNK6SoN59v_t3ZJ33A,dramabook,1051115,3780
2026-06-15,YouTube,UCdtOFTQ1GVPKzvOYsi1ApIw,Pocket Movie,1130704,3390
2026-06-15,YouTube,UCSlOhfr5f-RPRP50yRri1uA,Pocket Story,628,17
2026-06-15,YouTube,UC2IjY1Gm6b7pYp-vMJ2R9ig,SceneClip,5093013,15000
2026-06-15,YouTube,UC77WdDKy6cbCxZkC46eaudA,Drama addict,2880988,7010
2026-06-15,YouTube,UChhBhc7qJ42rgzAIPe9z6Cg,LittleDrama,1449911,4110
2026-06-15,YouTube,UC80LfoIH6FrzHTm6lXTWCKQ,DramaStory,755549,2710
2026-06-15,YouTube,UC49-b-BhbYoG54YNkwmzg8w,HotReel,0,0
2026-06-15,YouTube,UCIg97fCjw1HnS8vPqwiHLGA,Drama Nook,6925414,18500
2026-06-15,YouTube,UCm3RYOItKT_P0-oRCkkSMZw,The Drama Club,3600378,11800
2026-06-15,YouTube,UCL_RZ1IidYQkVQxfimfnPSQ,This Plot Got Me,1690628,6470
2026-06-15,YouTube,UCMGKZD9ggu_Pfo4dkL47cXQ,Dreamy Drama TV,569059,2000
2026-06-15,YouTube,UCEFB0gMdnD1NyiZaedHg2hQ,HeyDramaTV,565402,1490
2026-06-15,YouTube,UC0GVHmLgrxE2SS8F0C19JVg,Pocket Swoon,2305927,6450
2026-06-15,YouTube,UCZem4a64VnhfA4CBw9vM2bg,Swoon Bites,1178203,4770
2026-06-15,YouTube,UCxxl4xdZZqRSSz2VfnFBhwA,DramaBitesTV,2667350,28400
2026-06-15,YouTube,UCsbnInDepLdq6o781WVZ-5g,Dark Swoon,1592264,4840
2026-06-15,YouTube,UCf3lAEw_WPtcgHMUVAunzSw,Pocket Crush,4546923,11500
2026-06-15,YouTube,UCP4STX85lq_fpEtvQcq_5fw,I Found This Drama,10054173,30900
2026-06-15,YouTube,UCk2O5vfW3c_W5YWQ_BoD1Ug,Drama Found Me,15914866,46700
2026-06-15,Dailymotion,x3tfxr4,ReelShort Romance Shorts,1308317,3570
2026-06-15,Dailymotion,x3tgq5g,The Rabbit Hole TV,321728,929
2026-06-15,Dailymotion,x3tgqdc,ReelShort Drama Bombshell,170528,470
2026-06-15,Dailymotion,x3tgqpa,Reel Short Flick Frenzy,91659,344
2026-06-15,Dailymotion,x3tgrdw,Reel Drama Dose,356640,985
2026-06-15,Dailymotion,x45tgp8,ReelShort English Shorts,22968,1203
2026-06-15,Dailymotion,x45tkva,ReelShort Fantasy Shorts,687428,1789
2026-06-15,Dailymotion,x45tobw,ReelShort Sweet Shorts,901,86
2026-06-15,Dailymotion,x4c7qxk,ReelShortDaily,103,10
2026-06-15,Dailymotion,x4c7saw,ReelShort_Drama_Hub,53,10
2026-06-15,Dailymotion,x4c7srk,ReelShort_Drama_Show,32,4
2026-06-15,Dailymotion,x4c7syo,ReelShort_Drama_Buzz,4,6
2026-06-15,Dailymotion,x4c7t3q,ReelShort_Drama_Clips,3,7
2026-06-15,Dailymotion,x3tgots,ReelShort Love Shorts,490414,1006
2026-06-15,Dailymotion,x3tgs5s,FilmBox Channel,403739,533
2026-06-15,Dailymotion,x3tgtae,Easy Shorts,505328,711
2026-06-15,Dailymotion,x3tgrnq,ReelShort Drama Shorts,1276995,3363
2026-06-15,Dailymotion,x4c7r9u,love-shortdrama,90,0
2026-06-15,Dailymotion,x4c7ro4,babygirllovesshortdrama,65,0
2026-06-15,Dailymotion,x4c7sre,dailyshortdrama,32,0
2026-06-15,Dailymotion,x4c7qhk,drama lover girl,0,0
2026-06-15,Dailymotion,x4g6uv8,ReelShort Story Shorts,2477,32
2026-06-15,Dailymotion,x4g735i,ReelShort Movie Shorts,90755,479
2026-06-15,Dailymotion,x4kmjg6,Daily Reelshort,1288,22
2026-06-15,Dailymotion,x4k7s0s,ReelShort_GlancePlay,58,7
2026-06-15,Dailymotion,x4j6cxg,Camara Romance Shorts,0,14
2026-06-15,Dailymotion,x4klm7q,ReelShort Romance Shows,24611,235
2026-06-15,Dailymotion,x4klqy0,ReelShort Hot Drama Hub,422593,1369
2026-06-15,Dailymotion,x4kpgc4,Reelshort First Love Shorts,0,14
2026-06-15,Dailymotion,x4jaytw,Reel Romance Swipe,39006,126
2026-06-15,Dailymotion,x4ks0k4,Reel Raw Vibe,57496,96
2026-06-15,Dailymotion,x4ks4yi,ReelShort Spicy Shorts,0,12
2026-06-15,Dailymotion,x4krkfk,ReelShort Intense Stories,1923,50
2026-06-15,Dailymotion,x4ko26y,ReelShort Drama Collection,84342,494
2026-06-15,Dailymotion,x4oad9u,ReelShort Drama Spotlight,178995,449
2026-06-15,Dailymotion,x4ksw2e,DramaMagic,59540,89
2026-06-15,Dailymotion,x4kt5f6,Drama Reels,104645,808
2026-06-15,Dailymotion,x4ku6nw,ReelShort Drama Studio,409012,930
2026-06-15,Dailymotion,x4kvw02,Ugoeze ReelShort Drama,97,10
2026-06-15,Dailymotion,x4kj6r0,ReelShort TV,435496,1236
2026-06-15,Dailymotion,x3xvhc6,ReelShort Romance Videos,318236,995
2026-06-15,Dailymotion,x4kfmg6,ReelShort Drama Movies,4852,358
2026-06-16,YouTube,UCAkSxwl8Lbk2hBXAAfsEFTA,Victor Drama,496596,2030
2026-06-16,YouTube,UCctSzoeee7KCnR84dZ6IO7w,Maple Playhouse,176618,643
2026-06-16,YouTube,UC82nFsZOjs5Tr96upPPq9Ww,Spur Reels,2357,2
2026-06-16,YouTube,UCnwjt6PgkKuZC4S1A0yTOFQ,DramaWithBestie,2308435,7660
2026-06-16,YouTube,UCHONLLEtQ4f9yoqa1BWlhSg,QuickFixDrama,2274356,3170
2026-06-16,YouTube,UC8Fm-ogvMehvbgF0BJjKiuQ,DramaFeverTV,211085,719
2026-06-16,YouTube,UCxfDVRNK6SoN59v_t3ZJ33A,dramabook,1046664,3980
2026-06-16,YouTube,UCdtOFTQ1GVPKzvOYsi1ApIw,Pocket Movie,1153127,3500
2026-06-16,YouTube,UCSlOhfr5f-RPRP50yRri1uA,Pocket Story,2795,31
2026-06-16,YouTube,UC2IjY1Gm6b7pYp-vMJ2R9ig,SceneClip,5143428,15100
2026-06-16,YouTube,UC77WdDKy6cbCxZkC46eaudA,Drama addict,2903430,7070
2026-06-16,YouTube,UChhBhc7qJ42rgzAIPe9z6Cg,LittleDrama,1454036,4130
2026-06-16,YouTube,UC80LfoIH6FrzHTm6lXTWCKQ,DramaStory,785304,2820
2026-06-16,YouTube,UC49-b-BhbYoG54YNkwmzg8w,HotReel,0,1
2026-06-16,YouTube,UCIg97fCjw1HnS8vPqwiHLGA,Drama Nook,6935915,18500
2026-06-16,YouTube,UCm3RYOItKT_P0-oRCkkSMZw,The Drama Club,3667630,12100
2026-06-16,YouTube,UCL_RZ1IidYQkVQxfimfnPSQ,This Plot Got Me,1801604,6640
2026-06-16,YouTube,UCMGKZD9ggu_Pfo4dkL47cXQ,Dreamy Drama TV,606799,2080
2026-06-16,YouTube,UCEFB0gMdnD1NyiZaedHg2hQ,HeyDramaTV,589639,1560
2026-06-16,YouTube,UC0GVHmLgrxE2SS8F0C19JVg,Pocket Swoon,2328316,6500
2026-06-16,YouTube,UCZem4a64VnhfA4CBw9vM2bg,Swoon Bites,1211827,4850
2026-06-16,YouTube,UCxxl4xdZZqRSSz2VfnFBhwA,DramaBitesTV,2675025,28500
2026-06-16,YouTube,UCsbnInDepLdq6o781WVZ-5g,Dark Swoon,1602453,4910
2026-06-16,YouTube,UCf3lAEw_WPtcgHMUVAunzSw,Pocket Crush,4577466,11600
2026-06-16,YouTube,UCP4STX85lq_fpEtvQcq_5fw,I Found This Drama,10098659,31000
2026-06-16,YouTube,UCk2O5vfW3c_W5YWQ_BoD1Ug,Drama Found Me,16426005,47800
2026-06-16,Dailymotion,x3tfxr4,ReelShort Romance Shorts,1310283,3582
2026-06-16,Dailymotion,x3tgq5g,The Rabbit Hole TV,330831,957
2026-06-16,Dailymotion,x3tgqdc,ReelShort Drama Bombshell,176648,481
2026-06-16,Dailymotion,x3tgqpa,Reel Short Flick Frenzy,92586,347
2026-06-16,Dailymotion,x3tgrdw,Reel Drama Dose,358948,997
2026-06-16,Dailymotion,x45tgp8,ReelShort English Shorts,23148,1206
2026-06-16,Dailymotion,x45tkva,ReelShort Fantasy Shorts,698350,1807
2026-06-16,Dailymotion,x45tobw,ReelShort Sweet Shorts,928,86
2026-06-16,Dailymotion,x4c7qxk,ReelShortDaily,103,10
2026-06-16,Dailymotion,x4c7saw,ReelShort_Drama_Hub,53,10
2026-06-16,Dailymotion,x4c7srk,ReelShort_Drama_Show,33,4
2026-06-16,Dailymotion,x4c7syo,ReelShort_Drama_Buzz,4,6
2026-06-16,Dailymotion,x4c7t3q,ReelShort_Drama_Clips,3,7
2026-06-16,Dailymotion,x3tgots,ReelShort Love Shorts,499520,1032
2026-06-16,Dailymotion,x3tgs5s,FilmBox Channel,426470,551
2026-06-16,Dailymotion,x3tgtae,Easy Shorts,507815,717
2026-06-16,Dailymotion,x3tgrnq,ReelShort Drama Shorts,1295041,3417
2026-06-16,Dailymotion,x4c7r9u,love-shortdrama,90,0
2026-06-16,Dailymotion,x4c7ro4,babygirllovesshortdrama,65,0
2026-06-16,Dailymotion,x4c7sre,dailyshortdrama,32,0
2026-06-16,Dailymotion,x4c7qhk,drama lover girl,0,0
2026-06-16,Dailymotion,x4g6uv8,ReelShort Story Shorts,2504,34
2026-06-16,Dailymotion,x4g735i,ReelShort Movie Shorts,117195,503
2026-06-16,Dailymotion,x4kmjg6,Daily Reelshort,1292,22
2026-06-16,Dailymotion,x4k7s0s,ReelShort_GlancePlay,58,7
2026-06-16,Dailymotion,x4j6cxg,Camara Romance Shorts,0,14
2026-06-16,Dailymotion,x4klm7q,ReelShort Romance Shows,24985,238
2026-06-16,Dailymotion,x4klqy0,ReelShort Hot Drama Hub,428633,1397
2026-06-16,Dailymotion,x4kpgc4,Reelshort First Love Shorts,0,14
2026-06-16,Dailymotion,x4jaytw,Reel Romance Swipe,39657,129
2026-06-16,Dailymotion,x4ks0k4,Reel Raw Vibe,67621,104
2026-06-16,Dailymotion,x4ks4yi,ReelShort Spicy Shorts,0,11
2026-06-16,Dailymotion,x4krkfk,ReelShort Intense Stories,1940,50
2026-06-16,Dailymotion,x4ko26y,ReelShort Drama Collection,90866,532
2026-06-16,Dailymotion,x4oad9u,ReelShort Drama Spotlight,189940,469
2026-06-16,Dailymotion,x4ksw2e,DramaMagic,59928,90
2026-06-16,Dailymotion,x4kt5f6,Drama Reels,108011,829
2026-06-16,Dailymotion,x4ku6nw,ReelShort Drama Studio,413864,937
2026-06-16,Dailymotion,x4kvw02,Ugoeze ReelShort Drama,97,10
2026-06-16,Dailymotion,x4kj6r0,ReelShort TV,442332,1263
2026-06-16,Dailymotion,x3xvhc6,ReelShort Romance Videos,324006,1020
2026-06-16,Dailymotion,x4kfmg6,ReelShort Drama Movies,4991,361
2026-06-17,YouTube,UCAkSxwl8Lbk2hBXAAfsEFTA,Victor Drama,513679,2100
2026-06-17,YouTube,UCctSzoeee7KCnR84dZ6IO7w,Maple Playhouse,192906,670
2026-06-17,YouTube,UC82nFsZOjs5Tr96upPPq9Ww,Spur Reels,2370,2
2026-06-17,YouTube,UCnwjt6PgkKuZC4S1A0yTOFQ,DramaWithBestie,2340470,7770
2026-06-17,YouTube,UCHONLLEtQ4f9yoqa1BWlhSg,QuickFixDrama,2307541,3200
2026-06-17,YouTube,UC8Fm-ogvMehvbgF0BJjKiuQ,DramaFeverTV,217268,736
2026-06-17,YouTube,UCxfDVRNK6SoN59v_t3ZJ33A,dramabook,1097878,4140
2026-06-17,YouTube,UCdtOFTQ1GVPKzvOYsi1ApIw,Pocket Movie,1191562,3580
2026-06-17,YouTube,UCSlOhfr5f-RPRP50yRri1uA,Pocket Story,7131,48
2026-06-17,YouTube,UC2IjY1Gm6b7pYp-vMJ2R9ig,SceneClip,5191307,15200
2026-06-17,YouTube,UC77WdDKy6cbCxZkC46eaudA,Drama addict,2922530,7100
2026-06-17,YouTube,UChhBhc7qJ42rgzAIPe9z6Cg,LittleDrama,1457257,4140
2026-06-17,YouTube,UC80LfoIH6FrzHTm6lXTWCKQ,DramaStory,810503,2900
2026-06-17,YouTube,UC49-b-BhbYoG54YNkwmzg8w,HotReel,0,4
2026-06-17,YouTube,UCIg97fCjw1HnS8vPqwiHLGA,Drama Nook,6945048,18500
2026-06-17,YouTube,UCm3RYOItKT_P0-oRCkkSMZw,The Drama Club,3737806,12400
2026-06-17,YouTube,UCL_RZ1IidYQkVQxfimfnPSQ,This Plot Got Me,1854748,6750
2026-06-17,YouTube,UCMGKZD9ggu_Pfo4dkL47cXQ,Dreamy Drama TV,638278,2140
2026-06-17,YouTube,UCEFB0gMdnD1NyiZaedHg2hQ,HeyDramaTV,603938,1620
2026-06-17,YouTube,UC0GVHmLgrxE2SS8F0C19JVg,Pocket Swoon,2352981,6540
2026-06-17,YouTube,UCZem4a64VnhfA4CBw9vM2bg,Swoon Bites,1241233,4930
2026-06-17,YouTube,UCxxl4xdZZqRSSz2VfnFBhwA,DramaBitesTV,2687111,28500
2026-06-17,YouTube,UCsbnInDepLdq6o781WVZ-5g,Dark Swoon,1607971,4970
2026-06-17,YouTube,UCf3lAEw_WPtcgHMUVAunzSw,Pocket Crush,4602973,11700
2026-06-17,YouTube,UCP4STX85lq_fpEtvQcq_5fw,I Found This Drama,10119857,31100
2026-06-17,YouTube,UCk2O5vfW3c_W5YWQ_BoD1Ug,Drama Found Me,17009169,48900
2026-06-17,Dailymotion,x3tfxr4,ReelShort Romance Shorts,1311766,3593
2026-06-17,Dailymotion,x3tgq5g,The Rabbit Hole TV,340161,973
2026-06-17,Dailymotion,x3tgqdc,ReelShort Drama Bombshell,180489,495
2026-06-17,Dailymotion,x3tgqpa,Reel Short Flick Frenzy,93470,349
2026-06-17,Dailymotion,x3tgrdw,Reel Drama Dose,360801,1007
2026-06-17,Dailymotion,x45tgp8,ReelShort English Shorts,23406,1210
2026-06-17,Dailymotion,x45tkva,ReelShort Fantasy Shorts,705773,1822
2026-06-17,Dailymotion,x45tobw,ReelShort Sweet Shorts,972,87
2026-06-17,Dailymotion,x4c7qxk,ReelShortDaily,103,11
2026-06-17,Dailymotion,x4c7saw,ReelShort_Drama_Hub,53,11
2026-06-17,Dailymotion,x4c7srk,ReelShort_Drama_Show,33,4
2026-06-17,Dailymotion,x4c7syo,ReelShort_Drama_Buzz,4,7
2026-06-17,Dailymotion,x4c7t3q,ReelShort_Drama_Clips,3,7
2026-06-17,Dailymotion,x3tgots,ReelShort Love Shorts,503776,1043
2026-06-17,Dailymotion,x3tgs5s,FilmBox Channel,439925,565
2026-06-17,Dailymotion,x3tgtae,Easy Shorts,510007,719
2026-06-17,Dailymotion,x3tgrnq,ReelShort Drama Shorts,1309458,3457
2026-06-17,Dailymotion,x4c7r9u,love-shortdrama,90,0
2026-06-17,Dailymotion,x4c7ro4,babygirllovesshortdrama,66,0
2026-06-17,Dailymotion,x4c7sre,dailyshortdrama,32,0
2026-06-17,Dailymotion,x4c7qhk,drama lover girl,0,0
2026-06-17,Dailymotion,x4g6uv8,ReelShort Story Shorts,2534,34
2026-06-17,Dailymotion,x4g735i,ReelShort Movie Shorts,136758,523
2026-06-17,Dailymotion,x4kmjg6,Daily Reelshort,1295,22
2026-06-17,Dailymotion,x4k7s0s,ReelShort_GlancePlay,59,7
2026-06-17,Dailymotion,x4j6cxg,Camara Romance Shorts,0,14
2026-06-17,Dailymotion,x4klm7q,ReelShort Romance Shows,25279,243
2026-06-17,Dailymotion,x4klqy0,ReelShort Hot Drama Hub,434190,1424
2026-06-17,Dailymotion,x4kpgc4,Reelshort First Love Shorts,0,14
2026-06-17,Dailymotion,x4jaytw,Reel Romance Swipe,40317,133
2026-06-17,Dailymotion,x4ks0k4,Reel Raw Vibe,76408,112
2026-06-17,Dailymotion,x4ks4yi,ReelShort Spicy Shorts,0,11
2026-06-17,Dailymotion,x4krkfk,ReelShort Intense Stories,1961,51
2026-06-17,Dailymotion,x4ko26y,ReelShort Drama Collection,96229,570
2026-06-17,Dailymotion,x4oad9u,ReelShort Drama Spotlight,202505,487
2026-06-17,Dailymotion,x4ksw2e,DramaMagic,60249,90
2026-06-17,Dailymotion,x4kt5f6,Drama Reels,110354,862
2026-06-17,Dailymotion,x4ku6nw,ReelShort Drama Studio,418166,950
2026-06-17,Dailymotion,x4kvw02,Ugoeze ReelShort Drama,97,10
2026-06-17,Dailymotion,x4kj6r0,ReelShort TV,448648,1285
2026-06-17,Dailymotion,x3xvhc6,ReelShort Romance Videos,329014,1039
2026-06-17,Dailymotion,x4kfmg6,ReelShort Drama Movies,5094,365
2026-06-18,YouTube,UCAkSxwl8Lbk2hBXAAfsEFTA,Victor Drama,518109,2180
2026-06-18,YouTube,UCctSzoeee7KCnR84dZ6IO7w,Maple Playhouse,204527,803
2026-06-18,YouTube,UC82nFsZOjs5Tr96upPPq9Ww,Spur Reels,2638,7
2026-06-18,YouTube,UCnwjt6PgkKuZC4S1A0yTOFQ,DramaWithBestie,2347365,7910
2026-06-18,YouTube,UCHONLLEtQ4f9yoqa1BWlhSg,QuickFixDrama,2313741,3270
2026-06-18,YouTube,UC8Fm-ogvMehvbgF0BJjKiuQ,DramaFeverTV,218597,753
2026-06-18,YouTube,UCxfDVRNK6SoN59v_t3ZJ33A,dramabook,1108831,4250
2026-06-18,YouTube,UCdtOFTQ1GVPKzvOYsi1ApIw,Pocket Movie,1197684,3680
2026-06-18,YouTube,UCSlOhfr5f-RPRP50yRri1uA,Pocket Story,7639,68
2026-06-18,YouTube,UC2IjY1Gm6b7pYp-vMJ2R9ig,SceneClip,5228548,15300
2026-06-18,YouTube,UC77WdDKy6cbCxZkC46eaudA,Drama addict,2926782,7170
2026-06-18,YouTube,UChhBhc7qJ42rgzAIPe9z6Cg,LittleDrama,1457843,4160
2026-06-18,YouTube,UC80LfoIH6FrzHTm6lXTWCKQ,DramaStory,815948,3000
2026-06-18,YouTube,UC49-b-BhbYoG54YNkwmzg8w,HotReel,340,12
2026-06-18,YouTube,UCIg97fCjw1HnS8vPqwiHLGA,Drama Nook,6946850,18600
2026-06-18,YouTube,UCm3RYOItKT_P0-oRCkkSMZw,The Drama Club,3756617,12800
2026-06-18,YouTube,UCL_RZ1IidYQkVQxfimfnPSQ,This Plot Got Me,1867902,6890
2026-06-18,YouTube,UCMGKZD9ggu_Pfo4dkL47cXQ,Dreamy Drama TV,642563,2220
2026-06-18,YouTube,UCEFB0gMdnD1NyiZaedHg2hQ,HeyDramaTV,626033,1690
2026-06-18,YouTube,UC0GVHmLgrxE2SS8F0C19JVg,Pocket Swoon,2356978,6620
2026-06-18,YouTube,UCZem4a64VnhfA4CBw9vM2bg,Swoon Bites,1275554,5010
2026-06-18,YouTube,UCxxl4xdZZqRSSz2VfnFBhwA,DramaBitesTV,2689234,28600
2026-06-18,YouTube,UCsbnInDepLdq6o781WVZ-5g,Dark Swoon,1615060,5010
2026-06-18,YouTube,UCf3lAEw_WPtcgHMUVAunzSw,Pocket Crush,4627117,11800
2026-06-18,YouTube,UCP4STX85lq_fpEtvQcq_5fw,I Found This Drama,10149971,31300
2026-06-18,YouTube,UCk2O5vfW3c_W5YWQ_BoD1Ug,Drama Found Me,17162060,50200
2026-06-18,Dailymotion,x3tfxr4,ReelShort Romance Shorts,1313290,3602
2026-06-18,Dailymotion,x3tgq5g,The Rabbit Hole TV,352320,998
2026-06-18,Dailymotion,x3tgqdc,ReelShort Drama Bombshell,183773,506
2026-06-18,Dailymotion,x3tgqpa,Reel Short Flick Frenzy,94636,357
2026-06-18,Dailymotion,x3tgrdw,Reel Drama Dose,362835,1013
2026-06-18,Dailymotion,x45tgp8,ReelShort English Shorts,23670,1210
2026-06-18,Dailymotion,x45tkva,ReelShort Fantasy Shorts,714291,1839
2026-06-18,Dailymotion,x45tobw,ReelShort Sweet Shorts,1027,87
2026-06-18,Dailymotion,x4c7qxk,ReelShortDaily,103,11
2026-06-18,Dailymotion,x4c7saw,ReelShort_Drama_Hub,53,11
2026-06-18,Dailymotion,x4c7srk,ReelShort_Drama_Show,33,4
2026-06-18,Dailymotion,x4c7syo,ReelShort_Drama_Buzz,4,7
2026-06-18,Dailymotion,x4c7t3q,ReelShort_Drama_Clips,3,7
2026-06-18,Dailymotion,x3tgots,ReelShort Love Shorts,506880,1049
2026-06-18,Dailymotion,x3tgs5s,FilmBox Channel,455255,576
2026-06-18,Dailymotion,x3tgtae,Easy Shorts,512672,727
2026-06-18,Dailymotion,x3tgrnq,ReelShort Drama Shorts,1325177,3496
2026-06-18,Dailymotion,x4c7r9u,love-shortdrama,90,0
2026-06-18,Dailymotion,x4c7ro4,babygirllovesshortdrama,66,0
2026-06-18,Dailymotion,x4c7sre,dailyshortdrama,32,0
2026-06-18,Dailymotion,x4c7qhk,drama lover girl,0,0
2026-06-18,Dailymotion,x4g6uv8,ReelShort Story Shorts,2583,33
2026-06-18,Dailymotion,x4g735i,ReelShort Movie Shorts,155478,540
2026-06-18,Dailymotion,x4kmjg6,Daily Reelshort,1305,22
2026-06-18,Dailymotion,x4k7s0s,ReelShort_GlancePlay,60,7
2026-06-18,Dailymotion,x4j6cxg,Camara Romance Shorts,0,14
2026-06-18,Dailymotion,x4klm7q,ReelShort Romance Shows,25581,244
2026-06-18,Dailymotion,x4klqy0,ReelShort Hot Drama Hub,440342,1434
2026-06-18,Dailymotion,x4kpgc4,Reelshort First Love Shorts,0,14
2026-06-18,Dailymotion,x4jaytw,Reel Romance Swipe,41078,135
2026-06-18,Dailymotion,x4ks0k4,Reel Raw Vibe,81262,117
2026-06-18,Dailymotion,x4ks4yi,ReelShort Spicy Shorts,0,11
2026-06-18,Dailymotion,x4krkfk,ReelShort Intense Stories,1984,51
2026-06-18,Dailymotion,x4ko26y,ReelShort Drama Collection,102418,594
2026-06-18,Dailymotion,x4oad9u,ReelShort Drama Spotlight,216352,501
2026-06-18,Dailymotion,x4ksw2e,DramaMagic,60535,93
2026-06-18,Dailymotion,x4kt5f6,Drama Reels,112379,879
2026-06-18,Dailymotion,x4ku6nw,ReelShort Drama Studio,423307,964
2026-06-18,Dailymotion,x4kvw02,Ugoeze ReelShort Drama,97,10
2026-06-18,Dailymotion,x4kj6r0,ReelShort TV,454432,1298
2026-06-18,Dailymotion,x3xvhc6,ReelShort Romance Videos,335943,1074
2026-06-18,Dailymotion,x4kfmg6,ReelShort Drama Movies,5215,368
2026-06-19,YouTube,UCAkSxwl8Lbk2hBXAAfsEFTA,Victor Drama,542336,2230
2026-06-19,YouTube,UCctSzoeee7KCnR84dZ6IO7w,Maple Playhouse,208934,944
2026-06-19,YouTube,UC82nFsZOjs5Tr96upPPq9Ww,Spur Reels,6101,18
2026-06-19,YouTube,UCnwjt6PgkKuZC4S1A0yTOFQ,DramaWithBestie,2399001,8080
2026-06-19,YouTube,UCHONLLEtQ4f9yoqa1BWlhSg,QuickFixDrama,2368483,3330
2026-06-19,YouTube,UC8Fm-ogvMehvbgF0BJjKiuQ,DramaFeverTV,225264,770
2026-06-19,YouTube,UCxfDVRNK6SoN59v_t3ZJ33A,dramabook,1155829,4400
2026-06-19,YouTube,UCdtOFTQ1GVPKzvOYsi1ApIw,Pocket Movie,1207582,3780
2026-06-19,YouTube,UCSlOhfr5f-RPRP50yRri1uA,Pocket Story,19437,84
2026-06-19,YouTube,UC2IjY1Gm6b7pYp-vMJ2R9ig,SceneClip,5248969,15400
2026-06-19,YouTube,UC77WdDKy6cbCxZkC46eaudA,Drama addict,2958353,7240
2026-06-19,YouTube,UChhBhc7qJ42rgzAIPe9z6Cg,LittleDrama,1462183,4180
2026-06-19,YouTube,UC80LfoIH6FrzHTm6lXTWCKQ,DramaStory,852848,3100
2026-06-19,YouTube,UC49-b-BhbYoG54YNkwmzg8w,HotReel,634,16
2026-06-19,YouTube,UCIg97fCjw1HnS8vPqwiHLGA,Drama Nook,6967482,18700
2026-06-19,YouTube,UCm3RYOItKT_P0-oRCkkSMZw,The Drama Club,3929039,13200
2026-06-19,YouTube,UCL_RZ1IidYQkVQxfimfnPSQ,This Plot Got Me,1889932,7000
2026-06-19,YouTube,UCMGKZD9ggu_Pfo4dkL47cXQ,Dreamy Drama TV,691811,2320
2026-06-19,YouTube,UCEFB0gMdnD1NyiZaedHg2hQ,HeyDramaTV,664373,1740
2026-06-19,YouTube,UC0GVHmLgrxE2SS8F0C19JVg,Pocket Swoon,2389920,6690
2026-06-19,YouTube,UCZem4a64VnhfA4CBw9vM2bg,Swoon Bites,1287757,5130
2026-06-19,YouTube,UCxxl4xdZZqRSSz2VfnFBhwA,DramaBitesTV,2715367,28600
2026-06-19,YouTube,UCsbnInDepLdq6o781WVZ-5g,Dark Swoon,1630201,5070
2026-06-19,YouTube,UCf3lAEw_WPtcgHMUVAunzSw,Pocket Crush,4639425,11900
2026-06-19,YouTube,UCP4STX85lq_fpEtvQcq_5fw,I Found This Drama,10215186,31400
2026-06-19,YouTube,UCk2O5vfW3c_W5YWQ_BoD1Ug,Drama Found Me,18097924,51500
2026-06-19,Dailymotion,x3tfxr4,ReelShort Romance Shorts,1314539,3606
2026-06-19,Dailymotion,x3tgq5g,The Rabbit Hole TV,363886,1013
2026-06-19,Dailymotion,x3tgqdc,ReelShort Drama Bombshell,185946,516
2026-06-19,Dailymotion,x3tgqpa,Reel Short Flick Frenzy,95500,362
2026-06-19,Dailymotion,x3tgrdw,Reel Drama Dose,364505,1020
2026-06-19,Dailymotion,x45tgp8,ReelShort English Shorts,23879,1211
2026-06-19,Dailymotion,x45tkva,ReelShort Fantasy Shorts,723800,1862
2026-06-19,Dailymotion,x45tobw,ReelShort Sweet Shorts,1055,88
2026-06-19,Dailymotion,x4c7qxk,ReelShortDaily,103,11
2026-06-19,Dailymotion,x4c7saw,ReelShort_Drama_Hub,53,11
2026-06-19,Dailymotion,x4c7srk,ReelShort_Drama_Show,33,4
2026-06-19,Dailymotion,x4c7syo,ReelShort_Drama_Buzz,4,7
2026-06-19,Dailymotion,x4c7t3q,ReelShort_Drama_Clips,3,7
2026-06-19,Dailymotion,x3tgots,ReelShort Love Shorts,509246,1055
2026-06-19,Dailymotion,x3tgs5s,FilmBox Channel,478268,601
2026-06-19,Dailymotion,x3tgtae,Easy Shorts,514685,738
2026-06-19,Dailymotion,x3tgrnq,ReelShort Drama Shorts,1340461,3541
2026-06-19,Dailymotion,x4c7r9u,love-shortdrama,90,0
2026-06-19,Dailymotion,x4c7ro4,babygirllovesshortdrama,66,0
2026-06-19,Dailymotion,x4c7sre,dailyshortdrama,32,0
2026-06-19,Dailymotion,x4c7qhk,drama lover girl,0,0
2026-06-19,Dailymotion,x4g6uv8,ReelShort Story Shorts,2608,33
2026-06-19,Dailymotion,x4g735i,ReelShort Movie Shorts,170556,555
2026-06-19,Dailymotion,x4kmjg6,Daily Reelshort,1309,22
2026-06-19,Dailymotion,x4k7s0s,ReelShort_GlancePlay,61,7
2026-06-19,Dailymotion,x4j6cxg,Camara Romance Shorts,0,14
2026-06-19,Dailymotion,x4klm7q,ReelShort Romance Shows,25831,246
2026-06-19,Dailymotion,x4klqy0,ReelShort Hot Drama Hub,446164,1455
2026-06-19,Dailymotion,x4kpgc4,Reelshort First Love Shorts,0,14
2026-06-19,Dailymotion,x4jaytw,Reel Romance Swipe,41645,139
2026-06-19,Dailymotion,x4ks0k4,Reel Raw Vibe,84213,117
2026-06-19,Dailymotion,x4ks4yi,ReelShort Spicy Shorts,0,11
2026-06-19,Dailymotion,x4krkfk,ReelShort Intense Stories,2001,51
2026-06-19,Dailymotion,x4ko26y,ReelShort Drama Collection,106598,611
2026-06-19,Dailymotion,x4oad9u,ReelShort Drama Spotlight,233544,510
2026-06-19,Dailymotion,x4ksw2e,DramaMagic,60772,93
2026-06-19,Dailymotion,x4kt5f6,Drama Reels,114127,895
2026-06-19,Dailymotion,x4ku6nw,ReelShort Drama Studio,427982,972
2026-06-19,Dailymotion,x4kvw02,Ugoeze ReelShort Drama,97,10
2026-06-19,Dailymotion,x4kj6r0,ReelShort TV,459032,1314
2026-06-19,Dailymotion,x3xvhc6,ReelShort Romance Videos,342324,1102
2026-06-19,Dailymotion,x4kfmg6,ReelShort Drama Movies,5326,372
2026-06-20,YouTube,UCAkSxwl8Lbk2hBXAAfsEFTA,Victor Drama,556914,2280
2026-06-20,YouTube,UCctSzoeee7KCnR84dZ6IO7w,Maple Playhouse,217371,983
2026-06-20,YouTube,UC82nFsZOjs5Tr96upPPq9Ww,Spur Reels,10974,28
2026-06-20,YouTube,UCnwjt6PgkKuZC4S1A0yTOFQ,DramaWithBestie,2436712,8220
2026-06-20,YouTube,UCHONLLEtQ4f9yoqa1BWlhSg,QuickFixDrama,2413113,3370
2026-06-20,YouTube,UC8Fm-ogvMehvbgF0BJjKiuQ,DramaFeverTV,231825,790
2026-06-20,YouTube,UCxfDVRNK6SoN59v_t3ZJ33A,dramabook,1206180,4590
2026-06-20,YouTube,UCdtOFTQ1GVPKzvOYsi1ApIw,Pocket Movie,1239592,3870
2026-06-20,YouTube,UCSlOhfr5f-RPRP50yRri1uA,Pocket Story,25777,121
2026-06-20,YouTube,UC2IjY1Gm6b7pYp-vMJ2R9ig,SceneClip,5286152,15500
2026-06-20,YouTube,UC77WdDKy6cbCxZkC46eaudA,Drama addict,2980794,7300
2026-06-20,YouTube,UChhBhc7qJ42rgzAIPe9z6Cg,LittleDrama,1465214,4190
2026-06-20,YouTube,UC80LfoIH6FrzHTm6lXTWCKQ,DramaStory,882868,3160
2026-06-20,YouTube,UC49-b-BhbYoG54YNkwmzg8w,HotReel,833,20
2026-06-20,YouTube,UCIg97fCjw1HnS8vPqwiHLGA,Drama Nook,7052999,18800
2026-06-20,YouTube,UCm3RYOItKT_P0-oRCkkSMZw,The Drama Club,4033646,13400
2026-06-20,YouTube,UCL_RZ1IidYQkVQxfimfnPSQ,This Plot Got Me,1925304,7120
2026-06-20,YouTube,UCMGKZD9ggu_Pfo4dkL47cXQ,Dreamy Drama TV,771448,2410
2026-06-20,YouTube,UCEFB0gMdnD1NyiZaedHg2hQ,HeyDramaTV,682742,1780
2026-06-20,YouTube,UC0GVHmLgrxE2SS8F0C19JVg,Pocket Swoon,2417084,6750
2026-06-20,YouTube,UCZem4a64VnhfA4CBw9vM2bg,Swoon Bites,1355468,5300
2026-06-20,YouTube,UCxxl4xdZZqRSSz2VfnFBhwA,DramaBitesTV,2756183,28700
2026-06-20,YouTube,UCsbnInDepLdq6o781WVZ-5g,Dark Swoon,1640247,5110
2026-06-20,YouTube,UCf3lAEw_WPtcgHMUVAunzSw,Pocket Crush,4665006,11900
2026-06-20,YouTube,UCP4STX85lq_fpEtvQcq_5fw,I Found This Drama,10254339,31500
2026-06-20,YouTube,UCk2O5vfW3c_W5YWQ_BoD1Ug,Drama Found Me,18821314,52800
2026-06-20,Dailymotion,x3tfxr4,ReelShort Romance Shorts,1315809,3610
2026-06-20,Dailymotion,x3tgq5g,The Rabbit Hole TV,376478,1032
2026-06-20,Dailymotion,x3tgqdc,ReelShort Drama Bombshell,189138,527
2026-06-20,Dailymotion,x3tgqpa,Reel Short Flick Frenzy,96204,365
2026-06-20,Dailymotion,x3tgrdw,Reel Drama Dose,366262,1026
2026-06-20,Dailymotion,x45tgp8,ReelShort English Shorts,24226,1213
2026-06-20,Dailymotion,x45tkva,ReelShort Fantasy Shorts,736561,1885
2026-06-20,Dailymotion,x45tobw,ReelShort Sweet Shorts,1112,88
2026-06-20,Dailymotion,x4c7qxk,ReelShortDaily,103,11
2026-06-20,Dailymotion,x4c7saw,ReelShort_Drama_Hub,53,11
2026-06-20,Dailymotion,x4c7srk,ReelShort_Drama_Show,33,4
2026-06-20,Dailymotion,x4c7syo,ReelShort_Drama_Buzz,4,7
2026-06-20,Dailymotion,x4c7t3q,ReelShort_Drama_Clips,3,7
2026-06-20,Dailymotion,x3tgots,ReelShort Love Shorts,512276,1065
2026-06-20,Dailymotion,x3tgs5s,FilmBox Channel,522171,641
2026-06-20,Dailymotion,x3tgtae,Easy Shorts,511309,740
2026-06-20,Dailymotion,x3tgrnq,ReelShort Drama Shorts,1357971,3583
2026-06-20,Dailymotion,x4c7r9u,love-shortdrama,90,0
2026-06-20,Dailymotion,x4c7ro4,babygirllovesshortdrama,66,0
2026-06-20,Dailymotion,x4c7sre,dailyshortdrama,32,0
2026-06-20,Dailymotion,x4c7qhk,drama lover girl,0,0
2026-06-20,Dailymotion,x4g6uv8,ReelShort Story Shorts,2644,33
2026-06-20,Dailymotion,x4g735i,ReelShort Movie Shorts,186622,582
2026-06-20,Dailymotion,x4kmjg6,Daily Reelshort,1319,22
2026-06-20,Dailymotion,x4k7s0s,ReelShort_GlancePlay,61,7
2026-06-20,Dailymotion,x4j6cxg,Camara Romance Shorts,0,14
2026-06-20,Dailymotion,x4klm7q,ReelShort Romance Shows,25999,247
2026-06-20,Dailymotion,x4klqy0,ReelShort Hot Drama Hub,452383,1471
2026-06-20,Dailymotion,x4kpgc4,Reelshort First Love Shorts,0,14
2026-06-20,Dailymotion,x4jaytw,Reel Romance Swipe,42152,143
2026-06-20,Dailymotion,x4ks0k4,Reel Raw Vibe,87220,120
2026-06-20,Dailymotion,x4ks4yi,ReelShort Spicy Shorts,0,12
2026-06-20,Dailymotion,x4krkfk,ReelShort Intense Stories,2018,51
2026-06-20,Dailymotion,x4ko26y,ReelShort Drama Collection,110675,637
2026-06-20,Dailymotion,x4oad9u,ReelShort Drama Spotlight,251722,535
2026-06-20,Dailymotion,x4ksw2e,DramaMagic,60957,94
2026-06-20,Dailymotion,x4kt5f6,Drama Reels,115979,906
2026-06-20,Dailymotion,x4ku6nw,ReelShort Drama Studio,434127,982
2026-06-20,Dailymotion,x4kvw02,Ugoeze ReelShort Drama,97,10
2026-06-20,Dailymotion,x4kj6r0,ReelShort TV,462539,1323
2026-06-20,Dailymotion,x3xvhc6,ReelShort Romance Videos,347291,1123
2026-06-20,Dailymotion,x4kfmg6,ReelShort Drama Movies,5437,377
2026-06-21,YouTube,UCAkSxwl8Lbk2hBXAAfsEFTA,Victor Drama,575304,2340
2026-06-21,YouTube,UCctSzoeee7KCnR84dZ6IO7w,Maple Playhouse,226442,1020
2026-06-21,YouTube,UC82nFsZOjs5Tr96upPPq9Ww,Spur Reels,16568,41
2026-06-21,YouTube,UCnwjt6PgkKuZC4S1A0yTOFQ,DramaWithBestie,2484381,8370
2026-06-21,YouTube,UCHONLLEtQ4f9yoqa1BWlhSg,QuickFixDrama,2440861,3400
2026-06-21,YouTube,UC8Fm-ogvMehvbgF0BJjKiuQ,DramaFeverTV,238219,809
2026-06-21,YouTube,UCxfDVRNK6SoN59v_t3ZJ33A,dramabook,1291653,4760
2026-06-21,YouTube,UCdtOFTQ1GVPKzvOYsi1ApIw,Pocket Movie,1271010,3950
2026-06-21,YouTube,UCSlOhfr5f-RPRP50yRri1uA,Pocket Story,38005,186
2026-06-21,YouTube,UC2IjY1Gm6b7pYp-vMJ2R9ig,SceneClip,5337986,15700
2026-06-21,YouTube,UC77WdDKy6cbCxZkC46eaudA,Drama addict,3005924,7370
2026-06-21,YouTube,UChhBhc7qJ42rgzAIPe9z6Cg,LittleDrama,1468683,4200
2026-06-21,YouTube,UC80LfoIH6FrzHTm6lXTWCKQ,DramaStory,920847,3260
2026-06-21,YouTube,UC49-b-BhbYoG54YNkwmzg8w,HotReel,1278,23
2026-06-21,YouTube,UCIg97fCjw1HnS8vPqwiHLGA,Drama Nook,7170881,18900
2026-06-21,YouTube,UCm3RYOItKT_P0-oRCkkSMZw,The Drama Club,4137317,13700
2026-06-21,YouTube,UCL_RZ1IidYQkVQxfimfnPSQ,This Plot Got Me,1963268,7220
2026-06-21,YouTube,UCMGKZD9ggu_Pfo4dkL47cXQ,Dreamy Drama TV,833760,2490
2026-06-21,YouTube,UCEFB0gMdnD1NyiZaedHg2hQ,HeyDramaTV,703749,1830
2026-06-21,YouTube,UC0GVHmLgrxE2SS8F0C19JVg,Pocket Swoon,2443252,6850
2026-06-21,YouTube,UCZem4a64VnhfA4CBw9vM2bg,Swoon Bites,1443142,5440
2026-06-21,YouTube,UCxxl4xdZZqRSSz2VfnFBhwA,DramaBitesTV,2768565,28800
2026-06-21,YouTube,UCsbnInDepLdq6o781WVZ-5g,Dark Swoon,1649127,5180
2026-06-21,YouTube,UCf3lAEw_WPtcgHMUVAunzSw,Pocket Crush,4686488,12000
2026-06-21,YouTube,UCP4STX85lq_fpEtvQcq_5fw,I Found This Drama,10300747,31700
2026-06-21,YouTube,UCk2O5vfW3c_W5YWQ_BoD1Ug,Drama Found Me,19865410,54800
2026-06-21,Dailymotion,x3tfxr4,ReelShort Romance Shorts,1317300,3620
2026-06-21,Dailymotion,x3tgq5g,The Rabbit Hole TV,387051,1053
2026-06-21,Dailymotion,x3tgqdc,ReelShort Drama Bombshell,190928,536
2026-06-21,Dailymotion,x3tgqpa,Reel Short Flick Frenzy,96659,369
2026-06-21,Dailymotion,x3tgrdw,Reel Drama Dose,367741,1028
2026-06-21,Dailymotion,x45tgp8,ReelShort English Shorts,24690,1218
2026-06-21,Dailymotion,x45tkva,ReelShort Fantasy Shorts,746549,1914
2026-06-21,Dailymotion,x45tobw,ReelShort Sweet Shorts,1149,90
2026-06-21,Dailymotion,x4c7qxk,ReelShortDaily,103,11
2026-06-21,Dailymotion,x4c7saw,ReelShort_Drama_Hub,53,11
2026-06-21,Dailymotion,x4c7srk,ReelShort_Drama_Show,33,4
2026-06-21,Dailymotion,x4c7syo,ReelShort_Drama_Buzz,4,7
2026-06-21,Dailymotion,x4c7t3q,ReelShort_Drama_Clips,3,7
2026-06-21,Dailymotion,x3tgots,ReelShort Love Shorts,514576,1071
2026-06-21,Dailymotion,x3tgs5s,FilmBox Channel,563510,682
2026-06-21,Dailymotion,x3tgtae,Easy Shorts,512908,745
2026-06-21,Dailymotion,x3tgrnq,ReelShort Drama Shorts,1368533,3622
2026-06-21,Dailymotion,x4c7r9u,love-shortdrama,90,0
2026-06-21,Dailymotion,x4c7ro4,babygirllovesshortdrama,66,0
2026-06-21,Dailymotion,x4c7sre,dailyshortdrama,32,0
2026-06-21,Dailymotion,x4c7qhk,drama lover girl,0,0
2026-06-21,Dailymotion,x4g6uv8,ReelShort Story Shorts,2668,33
2026-06-21,Dailymotion,x4g735i,ReelShort Movie Shorts,205756,598
2026-06-21,Dailymotion,x4kmjg6,Daily Reelshort,1326,24
2026-06-21,Dailymotion,x4k7s0s,ReelShort_GlancePlay,61,7
2026-06-21,Dailymotion,x4j6cxg,Camara Romance Shorts,0,14
2026-06-21,Dailymotion,x4klm7q,ReelShort Romance Shows,26218,251
2026-06-21,Dailymotion,x4klqy0,ReelShort Hot Drama Hub,459789,1500
2026-06-21,Dailymotion,x4kpgc4,Reelshort First Love Shorts,0,14
2026-06-21,Dailymotion,x4jaytw,Reel Romance Swipe,42612,144
2026-06-21,Dailymotion,x4ks0k4,Reel Raw Vibe,89855,124
2026-06-21,Dailymotion,x4ks4yi,ReelShort Spicy Shorts,0,11
2026-06-21,Dailymotion,x4krkfk,ReelShort Intense Stories,2036,53
2026-06-21,Dailymotion,x4ko26y,ReelShort Drama Collection,113277,653
2026-06-21,Dailymotion,x4oad9u,ReelShort Drama Spotlight,275077,556
2026-06-21,Dailymotion,x4ksw2e,DramaMagic,61148,96
2026-06-21,Dailymotion,x4kt5f6,Drama Reels,118419,918
2026-06-21,Dailymotion,x4ku6nw,ReelShort Drama Studio,440033,992
2026-06-21,Dailymotion,x4kvw02,Ugoeze ReelShort Drama,97,10
2026-06-21,Dailymotion,x4kj6r0,ReelShort TV,466715,1341
2026-06-21,Dailymotion,x3xvhc6,ReelShort Romance Videos,352106,1135
2026-06-21,Dailymotion,x4kfmg6,ReelShort Drama Movies,5574,380
2026-06-22,YouTube,UCAkSxwl8Lbk2hBXAAfsEFTA,Victor Drama,590619,2460
2026-06-22,YouTube,UCctSzoeee7KCnR84dZ6IO7w,Maple Playhouse,232823,1070
2026-06-22,YouTube,UC82nFsZOjs5Tr96upPPq9Ww,Spur Reels,23380,118
2026-06-22,YouTube,UCnwjt6PgkKuZC4S1A0yTOFQ,DramaWithBestie,2530229,8610
2026-06-22,YouTube,UCHONLLEtQ4f9yoqa1BWlhSg,QuickFixDrama,2463878,3460
2026-06-22,YouTube,UC8Fm-ogvMehvbgF0BJjKiuQ,DramaFeverTV,242284,821
2026-06-22,YouTube,UCxfDVRNK6SoN59v_t3ZJ33A,dramabook,1348966,5000
2026-06-22,YouTube,UCdtOFTQ1GVPKzvOYsi1ApIw,Pocket Movie,1296103,4070
2026-06-22,YouTube,UCSlOhfr5f-RPRP50yRri1uA,Pocket Story,58021,349
2026-06-22,YouTube,UC2IjY1Gm6b7pYp-vMJ2R9ig,SceneClip,5393010,15800
2026-06-22,YouTube,UC77WdDKy6cbCxZkC46eaudA,Drama addict,3029029,7450
2026-06-22,YouTube,UChhBhc7qJ42rgzAIPe9z6Cg,LittleDrama,1471868,4230
2026-06-22,YouTube,UC80LfoIH6FrzHTm6lXTWCKQ,DramaStory,954749,3390
2026-06-22,YouTube,UC49-b-BhbYoG54YNkwmzg8w,HotReel,1421,27
2026-06-22,YouTube,UCIg97fCjw1HnS8vPqwiHLGA,Drama Nook,7287021,19000
2026-06-22,YouTube,UCm3RYOItKT_P0-oRCkkSMZw,The Drama Club,4216198,14100
2026-06-22,YouTube,UCL_RZ1IidYQkVQxfimfnPSQ,This Plot Got Me,1995011,7340
2026-06-22,YouTube,UCMGKZD9ggu_Pfo4dkL47cXQ,Dreamy Drama TV,863021,2580
2026-06-22,YouTube,UCEFB0gMdnD1NyiZaedHg2hQ,HeyDramaTV,717989,1880
2026-06-22,YouTube,UC0GVHmLgrxE2SS8F0C19JVg,Pocket Swoon,2489409,7060
2026-06-22,YouTube,UCZem4a64VnhfA4CBw9vM2bg,Swoon Bites,1499196,5630
2026-06-22,YouTube,UCxxl4xdZZqRSSz2VfnFBhwA,DramaBitesTV,2800497,28800
2026-06-22,YouTube,UCsbnInDepLdq6o781WVZ-5g,Dark Swoon,1665483,5250
2026-06-22,YouTube,UCf3lAEw_WPtcgHMUVAunzSw,Pocket Crush,4710533,12100
2026-06-22,YouTube,UCP4STX85lq_fpEtvQcq_5fw,I Found This Drama,10343188,31800
2026-06-22,YouTube,UCk2O5vfW3c_W5YWQ_BoD1Ug,Drama Found Me,21107499,57400
2026-06-22,Dailymotion,x3tfxr4,ReelShort Romance Shorts,1318721,3632
2026-06-22,Dailymotion,x3tgq5g,The Rabbit Hole TV,397943,1071
2026-06-22,Dailymotion,x3tgqdc,ReelShort Drama Bombshell,192176,543
2026-06-22,Dailymotion,x3tgqpa,Reel Short Flick Frenzy,97933,371
2026-06-22,Dailymotion,x3tgrdw,Reel Drama Dose,369747,1031
2026-06-22,Dailymotion,x45tgp8,ReelShort English Shorts,25234,1225
2026-06-22,Dailymotion,x45tkva,ReelShort Fantasy Shorts,755161,1932
2026-06-22,Dailymotion,x45tobw,ReelShort Sweet Shorts,1226,92
2026-06-22,Dailymotion,x4c7qxk,ReelShortDaily,103,11
2026-06-22,Dailymotion,x4c7saw,ReelShort_Drama_Hub,53,11
2026-06-22,Dailymotion,x4c7srk,ReelShort_Drama_Show,34,4
2026-06-22,Dailymotion,x4c7syo,ReelShort_Drama_Buzz,4,7
2026-06-22,Dailymotion,x4c7t3q,ReelShort_Drama_Clips,3,7
2026-06-22,Dailymotion,x3tgots,ReelShort Love Shorts,517619,1079
2026-06-22,Dailymotion,x3tgs5s,FilmBox Channel,606897,722
2026-06-22,Dailymotion,x3tgtae,Easy Shorts,515212,748
2026-06-22,Dailymotion,x3tgrnq,ReelShort Drama Shorts,1377135,3649
2026-06-22,Dailymotion,x4c7r9u,love-shortdrama,93,0
2026-06-22,Dailymotion,x4c7ro4,babygirllovesshortdrama,66,0
2026-06-22,Dailymotion,x4c7sre,dailyshortdrama,32,0
2026-06-22,Dailymotion,x4c7qhk,drama lover girl,0,0
2026-06-22,Dailymotion,x4g6uv8,ReelShort Story Shorts,2696,34
2026-06-22,Dailymotion,x4g735i,ReelShort Movie Shorts,221644,616
2026-06-22,Dailymotion,x4kmjg6,Daily Reelshort,1337,23
2026-06-22,Dailymotion,x4k7s0s,ReelShort_GlancePlay,61,7
2026-06-22,Dailymotion,x4j6cxg,Camara Romance Shorts,0,14
2026-06-22,Dailymotion,x4klm7q,ReelShort Romance Shows,26539,254
2026-06-22,Dailymotion,x4klqy0,ReelShort Hot Drama Hub,466800,1517
2026-06-22,Dailymotion,x4kpgc4,Reelshort First Love Shorts,0,14
2026-06-22,Dailymotion,x4jaytw,Reel Romance Swipe,43135,144
2026-06-22,Dailymotion,x4ks0k4,Reel Raw Vibe,92961,125
2026-06-22,Dailymotion,x4ks4yi,ReelShort Spicy Shorts,0,11
2026-06-22,Dailymotion,x4krkfk,ReelShort Intense Stories,2070,53
2026-06-22,Dailymotion,x4ko26y,ReelShort Drama Collection,116219,671
2026-06-22,Dailymotion,x4oad9u,ReelShort Drama Spotlight,297641,588
2026-06-22,Dailymotion,x4ksw2e,DramaMagic,61401,97
2026-06-22,Dailymotion,x4kt5f6,Drama Reels,121707,934
2026-06-22,Dailymotion,x4ku6nw,ReelShort Drama Studio,445845,1004
2026-06-22,Dailymotion,x4kvw02,Ugoeze ReelShort Drama,97,10
2026-06-22,Dailymotion,x4kj6r0,ReelShort TV,470365,1354
2026-06-22,Dailymotion,x3xvhc6,ReelShort Romance Videos,357603,1154
2026-06-22,Dailymotion,x4kfmg6,ReelShort Drama Movies,5706,391
2026-06-23,YouTube,UCAkSxwl8Lbk2hBXAAfsEFTA,Victor Drama,590619,2520
2026-06-23,YouTube,UCctSzoeee7KCnR84dZ6IO7w,Maple Playhouse,232823,1100
2026-06-23,YouTube,UC82nFsZOjs5Tr96upPPq9Ww,Spur Reels,23380,191
2026-06-23,YouTube,UCnwjt6PgkKuZC4S1A0yTOFQ,DramaWithBestie,2530229,8730
2026-06-23,YouTube,UCHONLLEtQ4f9yoqa1BWlhSg,QuickFixDrama,2463878,3480
2026-06-23,YouTube,UC8Fm-ogvMehvbgF0BJjKiuQ,DramaFeverTV,242284,835
2026-06-23,YouTube,UCxfDVRNK6SoN59v_t3ZJ33A,dramabook,1348966,5140
2026-06-23,YouTube,UCdtOFTQ1GVPKzvOYsi1ApIw,Pocket Movie,1296103,4120
2026-06-23,YouTube,UCSlOhfr5f-RPRP50yRri1uA,Pocket Story,58021,406
2026-06-23,YouTube,UC2IjY1Gm6b7pYp-vMJ2R9ig,SceneClip,5393010,15900
2026-06-23,YouTube,UC77WdDKy6cbCxZkC46eaudA,Drama addict,3029029,7500
2026-06-23,YouTube,UChhBhc7qJ42rgzAIPe9z6Cg,LittleDrama,1471868,4240
2026-06-23,YouTube,UC80LfoIH6FrzHTm6lXTWCKQ,DramaStory,954749,3460
2026-06-23,YouTube,UC49-b-BhbYoG54YNkwmzg8w,HotReel,1421,31
2026-06-23,YouTube,UCIg97fCjw1HnS8vPqwiHLGA,Drama Nook,7287021,19000
2026-06-23,YouTube,UCm3RYOItKT_P0-oRCkkSMZw,The Drama Club,4216198,14300
2026-06-23,YouTube,UCL_RZ1IidYQkVQxfimfnPSQ,This Plot Got Me,1995011,7420
2026-06-23,YouTube,UCMGKZD9ggu_Pfo4dkL47cXQ,Dreamy Drama TV,863021,2640
2026-06-23,YouTube,UCEFB0gMdnD1NyiZaedHg2hQ,HeyDramaTV,717989,1910
2026-06-23,YouTube,UC0GVHmLgrxE2SS8F0C19JVg,Pocket Swoon,2489409,7150
2026-06-23,YouTube,UCZem4a64VnhfA4CBw9vM2bg,Swoon Bites,1499196,5850
2026-06-23,YouTube,UCxxl4xdZZqRSSz2VfnFBhwA,DramaBitesTV,2800497,28900
2026-06-23,YouTube,UCsbnInDepLdq6o781WVZ-5g,Dark Swoon,1665483,5280
2026-06-23,YouTube,UCf3lAEw_WPtcgHMUVAunzSw,Pocket Crush,4710533,12200
2026-06-23,YouTube,UCP4STX85lq_fpEtvQcq_5fw,I Found This Drama,10343188,31900
2026-06-23,YouTube,UCk2O5vfW3c_W5YWQ_BoD1Ug,Drama Found Me,21107499,58400
2026-06-23,Dailymotion,x3tfxr4,ReelShort Romance Shorts,1319470,3633
2026-06-23,Dailymotion,x3tgq5g,The Rabbit Hole TV,407122,1089
2026-06-23,Dailymotion,x3tgqdc,ReelShort Drama Bombshell,194240,553
2026-06-23,Dailymotion,x3tgqpa,Reel Short Flick Frenzy,100339,377
2026-06-23,Dailymotion,x3tgrdw,Reel Drama Dose,371517,1038
2026-06-23,Dailymotion,x45tgp8,ReelShort English Shorts,26184,1229
2026-06-23,Dailymotion,x45tkva,ReelShort Fantasy Shorts,762084,1948
2026-06-23,Dailymotion,x45tobw,ReelShort Sweet Shorts,1444,92
2026-06-23,Dailymotion,x4c7qxk,ReelShortDaily,103,11
2026-06-23,Dailymotion,x4c7saw,ReelShort_Drama_Hub,53,11
2026-06-23,Dailymotion,x4c7srk,ReelShort_Drama_Show,34,4
2026-06-23,Dailymotion,x4c7syo,ReelShort_Drama_Buzz,4,7
2026-06-23,Dailymotion,x4c7t3q,ReelShort_Drama_Clips,3,7
2026-06-23,Dailymotion,x3tgots,ReelShort Love Shorts,521315,1086
2026-06-23,Dailymotion,x3tgs5s,FilmBox Channel,644193,746
2026-06-23,Dailymotion,x3tgtae,Easy Shorts,518094,751
2026-06-23,Dailymotion,x3tgrnq,ReelShort Drama Shorts,1385372,3679
2026-06-23,Dailymotion,x4c7r9u,love-shortdrama,95,0
2026-06-23,Dailymotion,x4c7ro4,babygirllovesshortdrama,66,0
2026-06-23,Dailymotion,x4c7sre,dailyshortdrama,33,0
2026-06-23,Dailymotion,x4c7qhk,drama lover girl,0,0
2026-06-23,Dailymotion,x4g6uv8,ReelShort Story Shorts,2835,34
2026-06-23,Dailymotion,x4g735i,ReelShort Movie Shorts,223569,636
2026-06-23,Dailymotion,x4kmjg6,Daily Reelshort,1342,23
2026-06-23,Dailymotion,x4k7s0s,ReelShort_GlancePlay,61,7
2026-06-23,Dailymotion,x4j6cxg,Camara Romance Shorts,0,14
2026-06-23,Dailymotion,x4klm7q,ReelShort Romance Shows,26692,256
2026-06-23,Dailymotion,x4klqy0,ReelShort Hot Drama Hub,470447,1537
2026-06-23,Dailymotion,x4kpgc4,Reelshort First Love Shorts,0,14
2026-06-23,Dailymotion,x4jaytw,Reel Romance Swipe,43531,146
2026-06-23,Dailymotion,x4ks0k4,Reel Raw Vibe,94508,129
2026-06-23,Dailymotion,x4ks4yi,ReelShort Spicy Shorts,0,11
2026-06-23,Dailymotion,x4krkfk,ReelShort Intense Stories,2081,53
2026-06-23,Dailymotion,x4ko26y,ReelShort Drama Collection,119282,690
2026-06-23,Dailymotion,x4oad9u,ReelShort Drama Spotlight,317108,615
2026-06-23,Dailymotion,x4ksw2e,DramaMagic,61537,98
2026-06-23,Dailymotion,x4kt5f6,Drama Reels,124983,946
2026-06-23,Dailymotion,x4ku6nw,ReelShort Drama Studio,450573,1017
2026-06-23,Dailymotion,x4kvw02,Ugoeze ReelShort Drama,97,10
2026-06-23,Dailymotion,x4kj6r0,ReelShort TV,472723,1364
2026-06-23,Dailymotion,x3xvhc6,ReelShort Romance Videos,360510,1167
2026-06-23,Dailymotion,x4kfmg6,ReelShort Drama Movies,5776,393
